{"naive_bayes": {"accuracy": 89.28, "report": {"Business": {"precision": 0.8657534246575342, "recall": 0.8315789473684211, "f1-score": 0.8483221476510067, "support": 380.0}, "Sci/Tech": {"precision": 0.8545918367346939, "recall": 0.881578947368421, "f1-score": 0.8678756476683938, "support": 380.0}, "Sports": {"precision": 0.9414758269720102, "recall": 0.9736842105263158, "f1-score": 0.9573091849935317, "support": 380.0}, "World": {"precision": 0.9081081081081082, "recall": 0.8842105263157894, "f1-score": 0.896, "support": 380.0}, "accuracy": 0.8927631578947368, "macro avg": {"precision": 0.8924822991180866, "recall": 0.8927631578947369, "f1-score": 0.892376745078233, "support": 1520.0}, "weighted avg": {"precision": 0.8924822991180865, "recall": 0.8927631578947368, "f1-score": 0.8923767450782331, "support": 1520.0}}, "confusion": [[336, 17, 18, 9], [4, 370, 3, 3], [15, 4, 316, 45], [15, 2, 28, 335]], "labels": ["World", "Sports", "Business", "Sci/Tech"]}, "logistic_regression": {"accuracy": 87.57, "report": {"Business": {"precision": 0.8448753462603878, "recall": 0.8026315789473685, "f1-score": 0.8232118758434548, "support": 380.0}, "Sci/Tech": {"precision": 0.8354755784061697, "recall": 0.8552631578947368, "f1-score": 0.8452535760728218, "support": 380.0}, "Sports": {"precision": 0.9265822784810127, "recall": 0.9631578947368421, "f1-score": 0.944516129032258, "support": 380.0}, "World": {"precision": 0.8933333333333333, "recall": 0.881578947368421, "f1-score": 0.8874172185430463, "support": 380.0}, "accuracy": 0.8756578947368421, "macro avg": {"precision": 0.875066634120226, "recall": 0.8756578947368421, "f1-score": 0.8750996998728953, "support": 1520.0}, "weighted avg": {"precision": 0.875066634120226, "recall": 0.8756578947368421, "f1-score": 0.8750996998728953, "support": 1520.0}}, "confusion": [[335, 16, 19, 10], [3, 366, 6, 5], [19, 7, 305, 49], [18, 6, 31, 325]], "labels": ["World", "Sports", "Business", "Sci/Tech"]}, "linear_svc": {"accuracy": 88.09, "report": {"Business": {"precision": 0.8657142857142858, "recall": 0.7973684210526316, "f1-score": 0.8301369863013699, "support": 380.0}, "Sci/Tech": {"precision": 0.8358585858585859, "recall": 0.8710526315789474, "f1-score": 0.8530927835051546, "support": 380.0}, "Sports": {"precision": 0.9318181818181818, "recall": 0.9710526315789474, "f1-score": 0.9510309278350515, "support": 380.0}, "World": {"precision": 0.8888888888888888, "recall": 0.8842105263157894, "f1-score": 0.8865435356200527, "support": 380.0}, "accuracy": 0.8809210526315789, "macro avg": {"precision": 0.8805699855699856, "recall": 0.8809210526315789, "f1-score": 0.8802010583154072, "support": 1520.0}, "weighted avg": {"precision": 0.8805699855699857, "recall": 0.8809210526315789, "f1-score": 0.8802010583154072, "support": 1520.0}}, "confusion": [[336, 16, 17, 11], [3, 369, 4, 4], [21, 6, 303, 50], [18, 5, 26, 331]], "labels": ["World", "Sports", "Business", "Sci/Tech"]}, "sgd": {"accuracy": 87.7, "report": {"Business": {"precision": 0.8591549295774648, "recall": 0.8026315789473685, "f1-score": 0.8299319727891157, "support": 380.0}, "Sci/Tech": {"precision": 0.8406169665809768, "recall": 0.8605263157894737, "f1-score": 0.8504551365409623, "support": 380.0}, "Sports": {"precision": 0.924433249370277, "recall": 0.9657894736842105, "f1-score": 0.9446589446589446, "support": 380.0}, "World": {"precision": 0.8812664907651715, "recall": 0.8789473684210526, "f1-score": 0.8801054018445322, "support": 380.0}, "accuracy": 0.8769736842105263, "macro avg": {"precision": 0.8763679090734726, "recall": 0.8769736842105263, "f1-score": 0.8762878639583886, "support": 1520.0}, "weighted avg": {"precision": 0.8763679090734725, "recall": 0.8769736842105263, "f1-score": 0.8762878639583888, "support": 1520.0}}, "confusion": [[334, 17, 19, 10], [4, 367, 4, 5], [21, 7, 305, 47], [20, 6, 27, 327]], "labels": ["World", "Sports", "Business", "Sci/Tech"]}}