{"naive_bayes": {"accuracy": 89.34, "report": {"Business": {"precision": 0.8664850136239782, "recall": 0.8368421052631579, "f1-score": 0.8514056224899599, "support": 380.0}, "Sci/Tech": {"precision": 0.8564102564102564, "recall": 0.8789473684210526, "f1-score": 0.8675324675324675, "support": 380.0}, "Sports": {"precision": 0.9390862944162437, "recall": 0.9736842105263158, "f1-score": 0.9560723514211886, "support": 380.0}, "World": {"precision": 0.9105691056910569, "recall": 0.8842105263157894, "f1-score": 0.897196261682243, "support": 380.0}, "accuracy": 0.8934210526315789, "macro avg": {"precision": 0.8931376675353838, "recall": 0.893421052631579, "f1-score": 0.8930516757814648, "support": 1520.0}, "weighted avg": {"precision": 0.8931376675353838, "recall": 0.8934210526315789, "f1-score": 0.8930516757814647, "support": 1520.0}}, "confusion": [[336, 17, 18, 9], [4, 370, 3, 3], [13, 5, 318, 44], [16, 2, 28, 334]], "labels": ["World", "Sports", "Business", "Sci/Tech"]}, "logistic_regression": {"accuracy": 87.43, "report": {"Business": {"precision": 0.8448753462603878, "recall": 0.8026315789473685, "f1-score": 0.8232118758434548, "support": 380.0}, "Sci/Tech": {"precision": 0.8333333333333334, "recall": 0.8552631578947368, "f1-score": 0.8441558441558441, "support": 380.0}, "Sports": {"precision": 0.9263959390862944, "recall": 0.9605263157894737, "f1-score": 0.9431524547803618, "support": 380.0}, "World": {"precision": 0.8906666666666667, "recall": 0.8789473684210526, "f1-score": 0.8847682119205298, "support": 380.0}, "accuracy": 0.8743421052631579, "macro avg": {"precision": 0.8738178213366706, "recall": 0.8743421052631578, "f1-score": 0.8738220966750476, "support": 1520.0}, "weighted avg": {"precision": 0.8738178213366705, "recall": 0.8743421052631579, "f1-score": 0.8738220966750475, "support": 1520.0}}, "confusion": [[334, 16, 19, 11], [3, 365, 6, 6], [20, 7, 305, 48], [18, 6, 31, 325]], "labels": ["World", "Sports", "Business", "Sci/Tech"]}, "linear_svc": {"accuracy": 88.03, "report": {"Business": {"precision": 0.8632478632478633, "recall": 0.7973684210526316, "f1-score": 0.8290013679890561, "support": 380.0}, "Sci/Tech": {"precision": 0.8375634517766497, "recall": 0.868421052631579, "f1-score": 0.8527131782945736, "support": 380.0}, "Sports": {"precision": 0.9296482412060302, "recall": 0.9736842105263158, "f1-score": 0.9511568123393316, "support": 380.0}, "World": {"precision": 0.8885941644562334, "recall": 0.881578947368421, "f1-score": 0.8850726552179656, "support": 380.0}, "accuracy": 0.8802631578947369, "macro avg": {"precision": 0.8797634301716941, "recall": 0.8802631578947369, "f1-score": 0.8794860034602318, "support": 1520.0}, "weighted avg": {"precision": 0.879763430171694, "recall": 0.8802631578947369, "f1-score": 0.8794860034602316, "support": 1520.0}}, "confusion": [[335, 16, 18, 11], [3, 370, 4, 3], [21, 6, 303, 50], [18, 6, 26, 330]], "labels": ["World", "Sports", "Business", "Sci/Tech"]}, "sgd": {"accuracy": 87.83, "report": {"Business": {"precision": 0.8595505617977528, "recall": 0.8052631578947368, "f1-score": 0.8315217391304348, "support": 380.0}, "Sci/Tech": {"precision": 0.8427835051546392, "recall": 0.8605263157894737, "f1-score": 0.8515625, "support": 380.0}, "Sports": {"precision": 0.9246231155778895, "recall": 0.968421052631579, "f1-score": 0.9460154241645244, "support": 380.0}, "World": {"precision": 0.8835978835978836, "recall": 0.8789473684210526, "f1-score": 0.8812664907651715, "support": 380.0}, "accuracy": 0.8782894736842105, "macro avg": {"precision": 0.8776387665320413, "recall": 0.8782894736842105, "f1-score": 0.8775915385150328, "support": 1520.0}, "weighted avg": {"precision": 0.8776387665320412, "recall": 0.8782894736842105, "f1-score": 0.8775915385150328, "support": 1520.0}}, "confusion": [[334, 17, 19, 10], [3, 368, 4, 5], [21, 7, 306, 46], [20, 6, 27, 327]], "labels": ["World", "Sports", "Business", "Sci/Tech"]}}