{
  "accuracy": 99.24,
  "precision": 99.42,
  "recall": 98.88,
  "f1_score": 99.15,
  "roc_auc": 0.9995,
  "report": {
    "0": {
      "precision": 0.9908386187455955,
      "recall": 0.9952807928268051,
      "f1-score": 0.9930547380812242,
      "support": 4238.0
    },
    "1": {
      "precision": 0.9942313239111624,
      "recall": 0.9888123924268503,
      "f1-score": 0.9915144541924349,
      "support": 3486.0
    },
    "accuracy": 0.9923614707405489,
    "macro avg": {
      "precision": 0.992534971328379,
      "recall": 0.9920465926268277,
      "f1-score": 0.9922845961368296,
      "support": 7724.0
    },
    "weighted avg": {
      "precision": 0.9923698163384446,
      "recall": 0.9923614707405489,
      "f1-score": 0.9923595762950617,
      "support": 7724.0
    }
  },
  "confusion_matrix": [
    [
      4218,
      20
    ],
    [
      39,
      3447
    ]
  ],
  "labels": [
    "Real",
    "Fake"
  ],
  "roc_curve": {
    "fpr": [
      0.0,
      0.0,
      0.0,
      0.00023596035865974517,
      0.00023596035865974517,
      0.00047192071731949034,
      0.00047192071731949034,
      0.0007078810759792355,
      0.0007078810759792355,
      0.0009438414346389807,
      0.0009438414346389807,
      0.0011798017932987258,
      0.0011798017932987258,
      0.001415762151958471,
      0.001415762151958471,
      0.0018876828692779614,
      0.0018876828692779614,
      0.0021236432279377066,
      0.0021236432279377066,
      0.0023596035865974517,
      0.0023596035865974517,
      0.0025955639452571967,
      0.0025955639452571967,
      0.003067484662576687,
      0.003067484662576687,
      0.0033034450212364322,
      0.0033034450212364322,
      0.004247286455875413,
      0.004247286455875413,
      0.004483246814535158,
      0.004483246814535158,
      0.004719207173194903,
      0.004719207173194903,
      0.005427088249174139,
      0.005427088249174139,
      0.005663048607833884,
      0.005663048607833884,
      0.006134969325153374,
      0.006134969325153374,
      0.00684285040113261,
      0.00684285040113261,
      0.0070788107597923545,
      0.0070788107597923545,
      0.0073147711184521,
      0.0073147711184521,
      0.0075507314771118455,
      0.0075507314771118455,
      0.00825861255309108,
      0.00825861255309108,
      0.008494572911750826,
      0.008494572911750826,
      0.010618216139688533,
      0.010618216139688533,
      0.010854176498348278,
      0.010854176498348278,
      0.011090136857008022,
      0.011090136857008022,
      0.011326097215667769,
      0.011326097215667769,
      0.011798017932987258,
      0.011798017932987258,
      0.012033978291647004,
      0.012033978291647004,
      0.017697026899480887,
      0.017697026899480887,
      0.020764511562057573,
      0.020764511562057573,
      0.030910806984426616,
      0.030910806984426616,
      0.03209060877772534,
      0.03209060877772534,
      0.034686172722982536,
      0.034686172722982536,
      0.03633789523360075,
      0.03633789523360075,
      0.04082114204813592,
      0.04082114204813592,
      0.04672015101462954,
      0.04672015101462954,
      0.05497876356772062,
      0.05497876356772062,
      0.1024067956583294,
      0.1024067956583294,
      0.14134025483718735,
      0.14181217555450684,
      0.14959886739027844,
      0.14959886739027844,
      0.22180273714016047,
      0.22180273714016047,
      0.3421425200566305,
      0.34261444077395,
      0.3803680981595092,
      0.38084001887682867,
      0.5533270410571024,
      0.5537989617744219,
      0.5863614912694667,
      0.5868334119867862,
      0.6295422369042001,
      0.6300141576215196,
      0.7777253421425201,
      0.7781972628598396,
      0.8230297310051912,
      0.8235016517225107,
      0.9223690420009438,
      0.9228409627182633,
      0.9386503067484663,
      0.9391222274657858,
      0.9511562057574328,
      0.9516281264747523,
      1.0
    ],
    "tpr": [
      0.0,
      0.00028686173264486515,
      0.6833046471600689,
      0.6833046471600689,
      0.8273092369477911,
      0.8273092369477911,
      0.9288582903040734,
      0.9288582903040734,
      0.9368904188181296,
      0.9368904188181296,
      0.9592656339644291,
      0.9592656339644291,
      0.9672977624784854,
      0.9672977624784854,
      0.9764773379231211,
      0.9764773379231211,
      0.9773379231210556,
      0.9773379231210556,
      0.9836488812392427,
      0.9836488812392427,
      0.9853700516351118,
      0.9853700516351118,
      0.9856569133677567,
      0.9856569133677567,
      0.9868043602983362,
      0.9868043602983362,
      0.9870912220309811,
      0.9870912220309811,
      0.9879518072289156,
      0.9879518072289156,
      0.9888123924268503,
      0.9888123924268503,
      0.9899598393574297,
      0.9899598393574297,
      0.9908204245553643,
      0.9908204245553643,
      0.9911072862880091,
      0.9911072862880091,
      0.9913941480206541,
      0.9913941480206541,
      0.9916810097532989,
      0.9916810097532989,
      0.9928284566838784,
      0.9928284566838784,
      0.9931153184165232,
      0.9931153184165232,
      0.993689041881813,
      0.993689041881813,
      0.9939759036144579,
      0.9939759036144579,
      0.9942627653471027,
      0.9942627653471027,
      0.9945496270797476,
      0.9945496270797476,
      0.9948364888123924,
      0.9948364888123924,
      0.9951233505450373,
      0.9951233505450373,
      0.9954102122776821,
      0.9954102122776821,
      0.995697074010327,
      0.995697074010327,
      0.9965576592082617,
      0.9965576592082617,
      0.9968445209409065,
      0.9968445209409065,
      0.9971313826735514,
      0.9971313826735514,
      0.9974182444061962,
      0.9974182444061962,
      0.9977051061388411,
      0.9977051061388411,
      0.9979919678714859,
      0.9979919678714859,
      0.9982788296041308,
      0.9982788296041308,
      0.9985656913367756,
      0.9985656913367756,
      0.9988525530694206,
      0.9988525530694206,
      0.9991394148020654,
      0.9991394148020654,
      0.9994262765347103,
      0.9994262765347103,
      0.9994262765347103,
      0.9994262765347103,
      0.9997131382673551,
      0.9997131382673551,
      1.0,
      1.0,
      1.0,
      1.0,
      1.0,
      1.0,
      1.0,
      1.0,
      1.0,
      1.0,
      1.0,
      1.0,
      1.0,
      1.0,
      1.0,
      1.0,
      1.0,
      1.0,
      1.0,
      1.0,
      1.0,
      1.0
    ],